title,text,subject,date,label
Researchers publish study on urban air quality,Researchers have published a study examining practical strategies cities can use to reduce air pollution and improve public health.,science,2025-02-01,1
Education department announces updated school curriculum,The education department has announced an updated curriculum designed to strengthen foundational learning and digital skills.,education,2025-02-02,1
Health officials release seasonal vaccination guidance,Public health officials have released seasonal guidance encouraging eligible people to follow recommended vaccination schedules.,health,2025-02-03,1
Technology company introduces new security features,A technology company announced new account security features designed to improve protection against unauthorized access.,technology,2025-02-04,1
City council approves new public transport route,The city council approved a new public transport route intended to improve connections between residential areas and the central business district.,politics,2025-02-05,1
University opens applications for research scholarships,A university has opened applications for research scholarships supporting students working on approved academic projects.,education,2025-02-06,1
Weather agency releases updated rainfall forecast,The national weather agency released an updated forecast showing expected rainfall patterns for several regions.,world,2025-02-07,1
Hospital expands emergency department,A regional hospital has announced an expansion of its emergency department to increase treatment capacity.,health,2025-02-08,1
Researchers test battery recycling process,Researchers are testing a process designed to recover useful materials from used rechargeable batteries.,science,2025-02-09,1
Company reports annual financial results,The company released its annual financial results including revenue figures and information about operating performance.,business,2025-02-10,1
Public library launches digital learning program,A public library has launched a digital learning program offering residents access to technology and educational resources.,education,2025-02-11,1
Airport adds additional security equipment,Airport authorities have installed additional screening equipment as part of an effort to improve passenger processing and security.,world,2025-02-12,1
Researchers study effects of regular physical activity,A research team has published findings examining the relationship between regular physical activity and several measures of health.,health,2025-02-13,1
Software update improves privacy controls,A software company released an update that gives users additional options for managing privacy and account permissions.,technology,2025-02-14,1
Local government announces road maintenance program,Local authorities announced a road maintenance program covering several damaged roads and bridges.,politics,2025-02-15,1
Museum opens exhibition on regional history,A museum has opened a new exhibition featuring documents photographs and objects connected with the history of the region.,world,2025-02-16,1
University researchers develop water quality sensor,University researchers have developed and tested a sensor intended to help monitor water quality in local environments.,science,2025-02-17,1
Bank announces changes to online banking security,A bank announced additional security measures for online banking including improved alerts for unusual account activity.,business,2025-02-18,1
School launches program to support student wellbeing,A school has launched a student wellbeing program that includes counseling resources and educational workshops.,education,2025-02-19,1
Scientists publish findings from climate observations,Scientists have published findings based on climate observations collected over multiple years.,science,2025-02-20,1
City hospital opens new diagnostic center,A city hospital has opened a diagnostic center equipped to provide several routine medical tests.,health,2025-02-21,1
Mobile operating system receives accessibility improvements,A mobile operating system update adds accessibility features intended to make devices easier to use for people with different needs.,technology,2025-02-22,1
Public transport authority announces revised timetable,The public transport authority announced a revised timetable for selected bus and rail services.,world,2025-02-23,1
Government publishes annual economic report,The government has published its annual economic report containing information on employment inflation and economic activity.,politics,2025-02-24,1
Research team studies renewable energy storage,Researchers are studying methods for storing energy generated from renewable sources more efficiently.,science,2025-02-25,1
